paths,date
/gehme/data/soho/lasco/level_05/c2/20070108/22243925.fts,2007-01-08 23:06:05.620
/gehme/data/soho/lasco/level_05/c2/20070119/22244795.fts,2007-01-19 04:06:04.611
/gehme/data/soho/lasco/level_05/c2/20070124/22245310.fts,2007-01-24 05:06:04.519
/gehme/data/soho/lasco/level_05/c2/20070130/22245640.fts,2007-01-30 10:06:05.778
/gehme/data/soho/lasco/level_05/c2/20070202/22245818.fts,2007-02-02 00:54:04.585
/gehme/data/soho/lasco/level_05/c2/20070209/22246336.fts,2007-02-09 16:06:04.490
/gehme/data/soho/lasco/level_05/c2/20070211/22246467.fts,2007-02-11 14:06:27.381
/gehme/data/soho/lasco/level_05/c2/20070212/22246526.fts,2007-02-12 10:06:04.542
/gehme/data/soho/lasco/level_05/c2/20070217/22247070.fts,2007-02-17 14:00:05.848
/gehme/data/soho/lasco/level_05/c2/20070224/22247449.fts,2007-02-24 13:00:04.406
/gehme/data/soho/lasco/level_05/c2/20070305/22247738.fts,2007-03-05 01:24:04.871
/gehme/data/soho/lasco/level_05/c2/20070305/22247819.fts,2007-03-05 15:00:04.432
/gehme/data/soho/lasco/level_05/c2/20070307/22248028.fts,2007-03-07 06:24:04.559
/gehme/data/soho/lasco/level_05/c2/20070309/22248389.fts,2007-03-09 18:00:04.430
/gehme/data/soho/lasco/level_05/c2/20070311/22248714.fts,2007-03-11 23:06:08.906
/gehme/data/soho/lasco/level_05/c2/20070315/22249173.fts,2007-03-15 12:54:04.445
/gehme/data/soho/lasco/level_05/c2/20070320/22249753.fts,2007-03-20 13:50:04.719
/gehme/data/soho/lasco/level_05/c2/20070321/22249832.fts,2007-03-21 03:50:04.502
/gehme/data/soho/lasco/level_05/c2/20070327/22250322.fts,2007-03-27 13:27:16.089
/gehme/data/soho/lasco/level_05/c2/20070331/22250588.fts,2007-03-31 09:06:04.726
/gehme/data/soho/lasco/level_05/c2/20070403/22250782.fts,2007-04-03 02:50:04.366
/gehme/data/soho/lasco/level_05/c2/20070410/22251328.fts,2007-04-10 02:50:05.672
/gehme/data/soho/lasco/level_05/c2/20070414/22251645.fts,2007-04-14 16:26:04.530
/gehme/data/soho/lasco/level_05/c2/20070417/22251842.fts,2007-04-17 11:26:04.443
/gehme/data/soho/lasco/level_05/c2/20070418/22251944.fts,2007-04-18 21:50:05.279
/gehme/data/soho/lasco/level_05/c2/20070501/22252815.fts,2007-05-01 10:30:21.466
/gehme/data/soho/lasco/level_05/c2/20070506/22253558.fts,2007-05-06 00:30:04.766
/gehme/data/soho/lasco/level_05/c2/20070507/22253677.fts,2007-05-07 15:30:06.607
/gehme/data/soho/lasco/level_05/c2/20070508/22253719.fts,2007-05-08 05:30:04.550
/gehme/data/soho/lasco/level_05/c2/20070509/22253789.fts,2007-05-09 03:08:31.640
/gehme/data/soho/lasco/level_05/c2/20070514/22254193.fts,2007-05-14 14:30:04.467
/gehme/data/soho/lasco/level_05/c2/20070515/22254289.fts,2007-05-15 18:32:27.333
/gehme/data/soho/lasco/level_05/c2/20070520/22254708.fts,2007-05-20 06:48:06.097
/gehme/data/soho/lasco/level_05/c2/20070521/22254888.fts,2007-05-21 17:24:04.449
/gehme/data/soho/lasco/level_05/c2/20070522/22254996.fts,2007-05-22 14:48:05.708
/gehme/data/soho/lasco/level_05/c2/20070523/22255073.fts,2007-05-23 06:48:05.125
/gehme/data/soho/lasco/level_05/c2/20070523/22255150.fts,2007-05-23 21:24:04.445
/gehme/data/soho/lasco/level_05/c2/20070601/22255452.fts,2007-06-01 23:54:06.037
/gehme/data/soho/lasco/level_05/c2/20070603/22255549.fts,2007-06-03 08:54:04.401
/gehme/data/soho/lasco/level_05/c2/20070604/22255652.fts,2007-06-04 20:30:04.917
/gehme/data/soho/lasco/level_05/c2/20070607/22255850.fts,2007-06-07 19:31:43.715
/gehme/data/soho/lasco/level_05/c2/20070610/22256027.fts,2007-06-10 08:54:04.396
/gehme/data/soho/lasco/level_05/c2/20070612/22256149.fts,2007-06-12 02:54:04.488
/gehme/data/soho/lasco/level_05/c2/20070617/22256503.fts,2007-06-17 06:54:04.422
/gehme/data/soho/lasco/level_05/c2/20070619/22256662.fts,2007-06-19 14:30:04.414
/gehme/data/soho/lasco/level_05/c2/20070627/22257175.fts,2007-06-27 04:54:04.400
/gehme/data/soho/lasco/level_05/c2/20070629/22257346.fts,2007-06-29 16:54:27.438
/gehme/data/soho/lasco/level_05/c2/20070704/22257677.fts,2007-07-04 11:30:04.455
/gehme/data/soho/lasco/level_05/c2/20070708/22257934.fts,2007-07-08 04:30:04.467
/gehme/data/soho/lasco/level_05/c2/20070708/22257974.fts,2007-07-08 19:31:41.003
/gehme/data/soho/lasco/level_05/c2/20070709/22258058.fts,2007-07-09 23:30:04.465
/gehme/data/soho/lasco/level_05/c2/20070711/22258153.fts,2007-07-11 08:54:04.410
/gehme/data/soho/lasco/level_05/c2/20070716/22258506.fts,2007-07-16 12:54:04.474
/gehme/data/soho/lasco/level_05/c2/20070718/22258658.fts,2007-07-18 17:54:04.471
/gehme/data/soho/lasco/level_05/c2/20070729/22259369.fts,2007-07-29 01:31:40.031
/gehme/data/soho/lasco/level_05/c2/20070730/22259446.fts,2007-07-30 03:54:04.442
/gehme/data/soho/lasco/level_05/c2/20070808/22260047.fts,2007-08-08 15:30:16.851
/gehme/data/soho/lasco/level_05/c2/20070818/22260718.fts,2007-08-18 17:55:25.508
/gehme/data/soho/lasco/level_05/c2/20070824/22261036.fts,2007-08-24 03:30:04.478
/gehme/data/soho/lasco/level_05/c2/20070827/22261280.fts,2007-08-27 08:24:04.911
/gehme/data/soho/lasco/level_05/c2/20070919/22262645.fts,2007-09-19 07:31:41.857
/gehme/data/soho/lasco/level_05/c2/20070924/22263003.fts,2007-09-24 13:31:39.145
/gehme/data/soho/lasco/level_05/c2/20071004/22263719.fts,2007-10-04 20:30:04.439
/gehme/data/soho/lasco/level_05/c2/20071008/22263983.fts,2007-10-08 15:30:05.905
/gehme/data/soho/lasco/level_05/c2/20071011/22264172.fts,2007-10-11 08:30:05.472
/gehme/data/soho/lasco/level_05/c2/20071015/22264445.fts,2007-10-15 10:06:05.943
/gehme/data/soho/lasco/level_05/c2/20071016/22264550.fts,2007-10-16 21:30:09.432
/gehme/data/soho/lasco/level_05/c2/20071022/22264891.fts,2007-10-22 01:31:40.772
/gehme/data/soho/lasco/level_05/c2/20071104/22265833.fts,2007-11-04 12:50:04.962
/gehme/data/soho/lasco/level_05/c2/20071112/22266409.fts,2007-11-12 03:26:08.139
/gehme/data/soho/lasco/level_05/c2/20071114/22266615.fts,2007-11-14 18:50:06.091
/gehme/data/soho/lasco/level_05/c2/20071116/22266743.fts,2007-11-16 09:50:04.570
/gehme/data/soho/lasco/level_05/c2/20071126/22267416.fts,2007-11-26 05:26:04.413
/gehme/data/soho/lasco/level_05/c2/20071130/22267618.fts,2007-11-30 23:30:04.996
/gehme/data/soho/lasco/level_05/c2/20071204/22267852.fts,2007-12-04 07:31:40.813
/gehme/data/soho/lasco/level_05/c2/20071205/22267930.fts,2007-12-05 09:08:05.664
/gehme/data/soho/lasco/level_05/c2/20071215/22268663.fts,2007-12-15 04:30:04.455
/gehme/data/soho/lasco/level_05/c2/20071230/22269857.fts,2007-12-30 23:54:05.222
/gehme/data/soho/lasco/level_05/c2/20080102/22270044.fts,2008-01-02 09:30:04.571
/gehme/data/soho/lasco/level_05/c2/20080108/22270473.fts,2008-01-08 00:54:04.586
/gehme/data/soho/lasco/level_05/c2/20080122/22272114.fts,2008-01-22 22:30:04.457
/gehme/data/soho/lasco/level_05/c2/20080128/22272549.fts,2008-01-28 23:30:04.520
/gehme/data/soho/lasco/level_05/c2/20080130/22272645.fts,2008-01-30 07:54:05.122
/gehme/data/soho/lasco/level_05/c2/20080201/22272761.fts,2008-02-01 01:31:42.379
/gehme/data/soho/lasco/level_05/c2/20080204/22273015.fts,2008-02-04 09:08:03.067
/gehme/data/soho/lasco/level_05/c2/20080212/22273532.fts,2008-02-12 06:54:04.435
/gehme/data/soho/lasco/level_05/c2/20080213/22273552.fts,2008-02-13 11:54:04.468
/gehme/data/soho/lasco/level_05/c2/20080215/22278201.fts,2008-02-15 09:54:06.059
/gehme/data/soho/lasco/level_05/c2/20080216/22273680.fts,2008-02-16 20:30:06.086
/gehme/data/soho/lasco/level_05/c2/20080227/22274296.fts,2008-02-27 09:24:04.462
/gehme/data/soho/lasco/level_05/c2/20080314/22275540.fts,2008-03-14 17:06:04.594
/gehme/data/soho/lasco/level_05/c2/20080317/22275746.fts,2008-03-17 11:54:04.508
/gehme/data/soho/lasco/level_05/c2/20080318/22275815.fts,2008-03-18 09:08:02.928
/gehme/data/soho/lasco/level_05/c2/20080322/22276128.fts,2008-03-22 14:30:04.747
/gehme/data/soho/lasco/level_05/c2/20080325/22276324.fts,2008-03-25 03:30:04.713
/gehme/data/soho/lasco/level_05/c2/20080325/22276370.fts,2008-03-25 17:54:04.874
/gehme/data/soho/lasco/level_05/c2/20080326/22276460.fts,2008-03-26 21:30:05.538
/gehme/data/soho/lasco/level_05/c2/20080405/22277159.fts,2008-04-05 14:50:05.056
/gehme/data/soho/lasco/level_05/c2/20080408/22277401.fts,2008-04-08 16:50:04.387
/gehme/data/soho/lasco/level_05/c2/20080409/22277476.fts,2008-04-09 10:26:05.439
/gehme/data/soho/lasco/level_05/c2/20080412/22277722.fts,2008-04-12 00:26:04.430
/gehme/data/soho/lasco/level_05/c2/20080414/22277924.fts,2008-04-14 04:50:05.306
/gehme/data/soho/lasco/level_05/c2/20080416/22278133.fts,2008-04-16 11:26:04.472
/gehme/data/soho/lasco/level_05/c2/20080426/22278973.fts,2008-04-26 13:54:04.441
/gehme/data/soho/lasco/level_05/c2/20080427/22279070.fts,2008-04-27 20:30:04.491
/gehme/data/soho/lasco/level_05/c2/20080501/22279372.fts,2008-05-01 21:30:09.492
/gehme/data/soho/lasco/level_05/c2/20080502/22279414.fts,2008-05-02 11:06:34.481
/gehme/data/soho/lasco/level_05/c2/20080517/22280467.fts,2008-05-17 09:48:05.641
/gehme/data/soho/lasco/level_05/c2/20080523/22280803.fts,2008-05-23 18:57:45.677
/gehme/data/soho/lasco/level_05/c2/20080525/22280922.fts,2008-05-25 11:30:04.557
/gehme/data/soho/lasco/level_05/c2/20080527/22281041.fts,2008-05-27 03:30:04.453
/gehme/data/soho/lasco/level_05/c2/20080610/22281929.fts,2008-06-10 12:30:04.461
/gehme/data/soho/lasco/level_05/c2/20080612/22282047.fts,2008-06-12 04:54:04.466
/gehme/data/soho/lasco/level_05/c2/20080615/22282215.fts,2008-06-15 00:30:04.556
/gehme/data/soho/lasco/level_05/c2/20080626/22282992.fts,2008-06-26 03:26:05.651
/gehme/data/soho/lasco/level_05/c2/20080630/22283301.fts,2008-06-30 13:27:10.900
/gehme/data/soho/lasco/level_05/c2/20080701/22283344.fts,2008-07-01 03:50:05.888
/gehme/data/soho/lasco/level_05/c2/20080706/22283722.fts,2008-07-06 14:30:04.580
/gehme/data/soho/lasco/level_05/c2/20080707/22283787.fts,2008-07-07 12:30:04.454
/gehme/data/soho/lasco/level_05/c2/20080721/22284748.fts,2008-07-21 11:30:05.036
/gehme/data/soho/lasco/level_05/c2/20080731/22285394.fts,2008-07-31 01:31:39.618
/gehme/data/soho/lasco/level_05/c2/20080807/22285827.fts,2008-08-07 01:54:04.432
/gehme/data/soho/lasco/level_05/c2/20080816/22286932.fts,2008-08-16 23:24:06.016
/gehme/data/soho/lasco/level_05/c2/20080830/22287961.fts,2008-08-30 23:30:04.729
/gehme/data/soho/lasco/level_05/c2/20080908/22288525.fts,2008-09-08 01:31:38.700
/gehme/data/soho/lasco/level_05/c2/20080912/22288794.fts,2008-09-12 13:30:04.487
/gehme/data/soho/lasco/level_05/c2/20080913/22288893.fts,2008-09-13 23:30:04.412
/gehme/data/soho/lasco/level_05/c2/20080919/22289271.fts,2008-09-19 09:26:04.421
/gehme/data/soho/lasco/level_05/c2/20080920/22289319.fts,2008-09-20 01:50:04.485
/gehme/data/soho/lasco/level_05/c2/20081004/22290313.fts,2008-10-04 07:26:04.507
/gehme/data/soho/lasco/level_05/c2/20081005/22290421.fts,2008-10-05 19:50:04.573
/gehme/data/soho/lasco/level_05/c2/20081009/22290665.fts,2008-10-09 05:54:04.546
/gehme/data/soho/lasco/level_05/c2/20081012/22290874.fts,2008-10-12 07:31:39.000
/gehme/data/soho/lasco/level_05/c2/20081017/22291218.fts,2008-10-17 08:54:04.433
/gehme/data/soho/lasco/level_05/c2/20081021/22291496.fts,2008-10-21 08:54:04.478
/gehme/data/soho/lasco/level_05/c2/20081026/22291873.fts,2008-10-26 21:30:07.772
/gehme/data/soho/lasco/level_05/c2/20081030/22292133.fts,2008-10-30 14:30:04.385
/gehme/data/soho/lasco/level_05/c2/20081101/22292245.fts,2008-11-01 04:30:04.443
/gehme/data/soho/lasco/level_05/c2/20081102/22292315.fts,2008-11-02 04:30:04.947
/gehme/data/soho/lasco/level_05/c2/20081102/22292370.fts,2008-11-02 23:54:05.222
/gehme/data/soho/lasco/level_05/c2/20081104/22292449.fts,2008-11-04 03:30:04.546
/gehme/data/soho/lasco/level_05/c2/20081107/22292700.fts,2008-11-07 19:26:04.660
/gehme/data/soho/lasco/level_05/c2/20081123/22293380.fts,2008-11-23 21:30:07.705
/gehme/data/soho/lasco/level_05/c2/20081129/22293699.fts,2008-11-29 12:31:40.644
/gehme/data/soho/lasco/level_05/c2/20081207/22294216.fts,2008-12-07 00:31:43.282
/gehme/data/soho/lasco/level_05/c2/20081208/22294332.fts,2008-12-08 16:30:05.697
/gehme/data/soho/lasco/level_05/c2/20081212/22294586.fts,2008-12-12 07:31:39.880
/gehme/data/soho/lasco/level_05/c2/20081216/22294862.fts,2008-12-16 07:30:05.203
/gehme/data/soho/lasco/level_05/c2/20081220/22295150.fts,2008-12-20 11:54:04.420
/gehme/data/soho/lasco/level_05/c2/20081227/22295622.fts,2008-12-27 05:54:04.455
/gehme/data/soho/lasco/level_05/c2/20081231/22295923.fts,2008-12-31 14:54:04.473
/gehme/data/soho/lasco/level_05/c2/20090104/22296228.fts,2009-01-04 23:30:04.200
/gehme/data/soho/lasco/level_05/c2/20090106/22296388.fts,2009-01-06 06:31:38.939
/gehme/data/soho/lasco/level_05/c2/20090107/22296479.fts,2009-01-07 13:54:05.160
/gehme/data/soho/lasco/level_05/c2/20090108/22296549.fts,2009-01-08 13:54:03.456
/gehme/data/soho/lasco/level_05/c2/20090112/22296827.fts,2009-01-12 14:30:03.473
/gehme/data/soho/lasco/level_05/c2/20090114/22296906.fts,2009-01-14 05:30:03.443
/gehme/data/soho/lasco/level_05/c2/20090115/22297012.fts,2009-01-15 17:30:03.384
/gehme/data/soho/lasco/level_05/c2/20090117/22297127.fts,2009-01-17 13:32:10.874
/gehme/data/soho/lasco/level_05/c2/20090120/22297340.fts,2009-01-20 14:30:03.420
/gehme/data/soho/lasco/level_05/c2/20090121/22297432.fts,2009-01-21 21:30:03.424
/gehme/data/soho/lasco/level_05/c2/20090125/22297679.fts,2009-01-25 11:30:03.401
/gehme/data/soho/lasco/level_05/c2/20090131/22298060.fts,2009-01-31 03:54:06.067
/gehme/data/soho/lasco/level_05/c2/20090206/22298330.fts,2009-02-06 05:30:03.474
/gehme/data/soho/lasco/level_05/c2/20090211/22298551.fts,2009-02-11 23:24:03.525
/gehme/data/soho/lasco/level_05/c2/20090218/22298758.fts,2009-02-18 08:30:03.586
/gehme/data/soho/lasco/level_05/c2/20090222/22299001.fts,2009-02-22 11:54:03.408
/gehme/data/soho/lasco/level_05/c2/20090227/22299381.fts,2009-02-27 23:30:03.497
/gehme/data/soho/lasco/level_05/c2/20090302/22299588.fts,2009-03-02 23:06:03.537
/gehme/data/soho/lasco/level_05/c2/20090304/22299675.fts,2009-03-04 05:30:04.479
/gehme/data/soho/lasco/level_05/c2/20090306/22299850.fts,2009-03-06 18:54:03.564
/gehme/data/soho/lasco/level_05/c2/20090307/22299930.fts,2009-03-07 23:30:03.417
/gehme/data/soho/lasco/level_05/c2/20090310/22300086.fts,2009-03-10 05:30:03.502
/gehme/data/soho/lasco/level_05/c2/20090316/22300530.fts,2009-03-16 11:06:03.440
/gehme/data/soho/lasco/level_05/c2/20090317/22300647.fts,2009-03-17 23:30:03.649
/gehme/data/soho/lasco/level_05/c2/20090323/22301111.fts,2009-03-23 23:30:03.772
/gehme/data/soho/lasco/level_05/c2/20090324/22301165.fts,2009-03-24 15:30:03.857
/gehme/data/soho/lasco/level_05/c2/20090326/22301298.fts,2009-03-26 08:30:03.484
/gehme/data/soho/lasco/level_05/c2/20090331/22301700.fts,2009-03-31 14:30:04.743
/gehme/data/soho/lasco/level_05/c2/20090402/22301865.fts,2009-04-02 19:31:37.474
/gehme/data/soho/lasco/level_05/c2/20090409/22302346.fts,2009-04-09 01:54:03.545
/gehme/data/soho/lasco/level_05/c2/20090410/22302477.fts,2009-04-10 18:30:03.570
/gehme/data/soho/lasco/level_05/c2/20090411/22302512.fts,2009-04-11 06:54:03.492
/gehme/data/soho/lasco/level_05/c2/20090411/22302509.fts,2009-04-11 05:54:03.633
/gehme/data/soho/lasco/level_05/c2/20090413/22302720.fts,2009-04-13 23:30:03.383
/gehme/data/soho/lasco/level_05/c2/20090414/22302763.fts,2009-04-14 12:30:03.683
/gehme/data/soho/lasco/level_05/c2/20090415/22302803.fts,2009-04-15 00:50:03.411
/gehme/data/soho/lasco/level_05/c2/20090414/22302800.fts,2009-04-14 23:50:03.449
/gehme/data/soho/lasco/level_05/c2/20090416/22302906.fts,2009-04-16 08:26:05.017
/gehme/data/soho/lasco/level_05/c2/20090419/22303160.fts,2009-04-19 15:26:06.694
/gehme/data/soho/lasco/level_05/c2/20090422/22303415.fts,2009-04-22 21:26:06.713
/gehme/data/soho/lasco/level_05/c2/20090502/22303985.fts,2009-05-02 19:24:04.706
/gehme/data/soho/lasco/level_05/c2/20090506/22304209.fts,2009-05-06 07:24:03.438
/gehme/data/soho/lasco/level_05/c2/20090511/22304606.fts,2009-05-11 11:26:03.475
/gehme/data/soho/lasco/level_05/c2/20090513/22304653.fts,2009-05-13 13:31:38.299
/gehme/data/soho/lasco/level_05/c2/20090515/22304799.fts,2009-05-15 11:30:03.636
/gehme/data/soho/lasco/level_05/c2/20090521/22305278.fts,2009-05-21 18:31:38.695
/gehme/data/soho/lasco/level_05/c2/20090530/22305954.fts,2009-05-30 15:08:04.675
/gehme/data/soho/lasco/level_05/c2/20090529/22305891.fts,2009-05-29 18:30:03.468
/gehme/data/soho/lasco/level_05/c2/20090531/22306033.fts,2009-05-31 16:30:03.398
/gehme/data/soho/lasco/level_05/c2/20090602/22306182.fts,2009-06-02 15:08:00.419
/gehme/data/soho/lasco/level_05/c2/20090603/22306284.fts,2009-06-03 23:06:03.492
/gehme/data/soho/lasco/level_05/c2/20090611/22306858.fts,2009-06-11 10:26:04.102
/gehme/data/soho/lasco/level_05/c2/20090613/22307013.fts,2009-06-13 12:50:03.705
/gehme/data/soho/lasco/level_05/c2/20090615/22307192.fts,2009-06-15 20:26:03.408
/gehme/data/soho/lasco/level_05/c2/20090616/22307257.fts,2009-06-16 15:50:03.555
/gehme/data/soho/lasco/level_05/c2/20090619/22307497.fts,2009-06-19 16:54:27.089
/gehme/data/soho/lasco/level_05/c2/20090620/22307533.fts,2009-06-20 05:30:03.405
/gehme/data/soho/lasco/level_05/c2/20090620/22307532.fts,2009-06-20 04:30:03.443
/gehme/data/soho/lasco/level_05/c2/20090621/22307647.fts,2009-06-21 16:54:03.549
/gehme/data/soho/lasco/level_05/c2/20090623/22307761.fts,2009-06-23 04:30:03.538
/gehme/data/soho/lasco/level_05/c2/20090626/22308014.fts,2009-06-26 11:30:03.411
/gehme/data/soho/lasco/level_05/c2/20090627/22308096.fts,2009-06-27 20:30:03.641
/gehme/data/soho/lasco/level_05/c2/20090630/22308313.fts,2009-06-30 18:30:03.577
/gehme/data/soho/lasco/level_05/c2/20090701/22308406.fts,2009-07-01 23:30:03.562
/gehme/data/soho/lasco/level_05/c2/20090703/22308474.fts,2009-07-03 01:31:36.735
/gehme/data/soho/lasco/level_05/c2/20090706/22308694.fts,2009-07-06 00:30:03.513
/gehme/data/soho/lasco/level_05/c2/20090716/22309226.fts,2009-07-16 21:30:06.623
/gehme/data/soho/lasco/level_05/c2/20090722/22309485.fts,2009-07-22 02:54:36.707
/gehme/data/soho/lasco/level_05/c2/20090723/22309559.fts,2009-07-23 05:54:03.670
/gehme/data/soho/lasco/level_05/c2/20090726/22309763.fts,2009-07-26 01:54:03.417
/gehme/data/soho/lasco/level_05/c2/20090731/22310114.fts,2009-07-31 23:30:03.572
/gehme/data/soho/lasco/level_05/c2/20090804/22310331.fts,2009-08-04 16:54:03.461
/gehme/data/soho/lasco/level_05/c2/20090808/22310573.fts,2009-08-08 15:52:30.220
/gehme/data/soho/lasco/level_05/c2/20090808/22310512.fts,2009-08-08 00:48:03.763
/gehme/data/soho/lasco/level_05/c2/20090814/22310847.fts,2009-08-14 21:54:03.612
/gehme/data/soho/lasco/level_05/c2/20090819/22311165.fts,2009-08-19 02:06:04.848
/gehme/data/soho/lasco/level_05/c2/20090820/22311245.fts,2009-08-20 02:06:03.384
/gehme/data/soho/lasco/level_05/c2/20090825/22311654.fts,2009-08-25 10:06:04.464
/gehme/data/soho/lasco/level_05/c2/20090830/22312080.fts,2009-08-30 23:06:45.137
/gehme/data/soho/lasco/level_05/c2/20090903/22312332.fts,2009-09-03 04:06:03.438
/gehme/data/soho/lasco/level_05/c2/20090909/22312797.fts,2009-09-09 04:06:03.758
/gehme/data/soho/lasco/level_05/c2/20090912/22313019.fts,2009-09-12 00:06:15.693
/gehme/data/soho/lasco/level_05/c2/20090913/22313103.fts,2009-09-13 02:06:15.147
/gehme/data/soho/lasco/level_05/c2/20090913/22313171.fts,2009-09-13 23:06:04.903
/gehme/data/soho/lasco/level_05/c2/20090921/22313756.fts,2009-09-21 23:06:04.083
/gehme/data/soho/lasco/level_05/c2/20090930/22314437.fts,2009-09-30 10:06:03.917
/gehme/data/soho/lasco/level_05/c2/20091003/22314717.fts,2009-10-03 17:54:03.428
/gehme/data/soho/lasco/level_05/c2/20091013/22315526.fts,2009-10-13 13:08:01.131
/gehme/data/soho/lasco/level_05/c2/20091014/22315619.fts,2009-10-14 16:06:03.749
/gehme/data/soho/lasco/level_05/c2/20091016/22315765.fts,2009-10-16 12:06:03.875
/gehme/data/soho/lasco/level_05/c2/20091020/22316099.fts,2009-10-20 11:06:04.897
/gehme/data/soho/lasco/level_05/c2/20091021/22316224.fts,2009-10-21 22:06:03.394
/gehme/data/soho/lasco/level_05/c2/20091023/22316375.fts,2009-10-23 18:06:03.431
/gehme/data/soho/lasco/level_05/c2/20091027/22316675.fts,2009-10-27 18:06:03.594
/gehme/data/soho/lasco/level_05/c2/20091031/22317152.fts,2009-10-31 04:08:04.128
/gehme/data/soho/lasco/level_05/c2/20091113/22318093.fts,2009-11-13 22:06:04.135
/gehme/data/soho/lasco/level_05/c2/20091115/22318212.fts,2009-11-15 12:06:03.402
/gehme/data/soho/lasco/level_05/c2/20091116/22318268.fts,2009-11-16 05:06:03.416
/gehme/data/soho/lasco/level_05/c2/20091118/22328450.fts,2009-11-18 08:06:03.428
/gehme/data/soho/lasco/level_05/c2/20091120/22318362.fts,2009-11-20 09:08:04.597
/gehme/data/soho/lasco/level_05/c2/20091120/22318398.fts,2009-11-20 21:28:40.528
/gehme/data/soho/lasco/level_05/c2/20091120/22318396.fts,2009-11-20 20:06:03.755
/gehme/data/soho/lasco/level_05/c2/20091122/22318500.fts,2009-11-22 05:30:04.738
/gehme/data/soho/lasco/level_05/c2/20091128/22318955.fts,2009-11-28 01:55:33.315
/gehme/data/soho/lasco/level_05/c2/20091129/22319050.fts,2009-11-29 08:06:03.501
/gehme/data/soho/lasco/level_05/c2/20091201/22319258.fts,2009-12-01 23:30:03.577
/gehme/data/soho/lasco/level_05/c2/20091204/22319459.fts,2009-12-04 12:54:03.508
/gehme/data/soho/lasco/level_05/c2/20091206/22319607.fts,2009-12-06 12:06:03.465
/gehme/data/soho/lasco/level_05/c2/20091213/22320144.fts,2009-12-13 09:54:03.459
/gehme/data/soho/lasco/level_05/c2/20091216/22320350.fts,2009-12-16 02:06:03.391
/gehme/data/soho/lasco/level_05/c2/20091221/22320796.fts,2009-12-21 21:30:04.106
/gehme/data/soho/lasco/level_05/c2/20091228/22321326.fts,2009-12-28 16:13:59.079
/gehme/data/soho/lasco/level_05/c2/20091230/22321480.fts,2009-12-30 15:08:02.702
/gehme/data/soho/lasco/level_05/c2/20100101/22321646.fts,2010-01-01 18:06:03.442
/gehme/data/soho/lasco/level_05/c2/20100103/22321776.fts,2010-01-03 11:06:24.199
/gehme/data/soho/lasco/level_05/c2/20100105/22321970.fts,2010-01-05 23:30:03.432
/gehme/data/soho/lasco/level_05/c2/20100107/22322085.fts,2010-01-07 10:06:03.846
/gehme/data/soho/lasco/level_05/c2/20100110/22322316.fts,2010-01-10 14:06:03.610
/gehme/data/soho/lasco/level_05/c2/20100113/22322604.fts,2010-01-13 06:06:05.649
/gehme/data/soho/lasco/level_05/c2/20100115/22322830.fts,2010-01-15 08:06:05.949
/gehme/data/soho/lasco/level_05/c2/20100117/22323138.fts,2010-01-17 06:06:08.206
/gehme/data/soho/lasco/level_05/c2/20100118/22323410.fts,2010-01-18 23:06:05.645
/gehme/data/soho/lasco/level_05/c2/20100122/22323674.fts,2010-01-22 11:06:03.465
/gehme/data/soho/lasco/level_05/c2/20100123/22323788.fts,2010-01-23 23:06:52.805
/gehme/data/soho/lasco/level_05/c2/20100127/22324094.fts,2010-01-27 21:13:11.730
/gehme/data/soho/lasco/level_05/c2/20100129/22324336.fts,2010-01-29 03:10:08.447
/gehme/data/soho/lasco/level_05/c2/20100201/22324943.fts,2010-02-01 21:13:09.835
/gehme/data/soho/lasco/level_05/c2/20100207/22325193.fts,2010-02-07 05:30:03.586
/gehme/data/soho/lasco/level_05/c2/20100208/22325294.fts,2010-02-08 12:06:03.456
/gehme/data/soho/lasco/level_05/c2/20100209/22325402.fts,2010-02-09 21:30:06.682
/gehme/data/soho/lasco/level_05/c2/20100210/22325421.fts,2010-02-10 10:06:03.475
/gehme/data/soho/lasco/level_05/c2/20100211/22325507.fts,2010-02-11 20:06:03.501
/gehme/data/soho/lasco/level_05/c2/20100212/22325554.fts,2010-02-12 23:06:04.432
/gehme/data/soho/lasco/level_05/c2/20100214/22325647.fts,2010-02-14 04:06:26.263
/gehme/data/soho/lasco/level_05/c2/20100214/22325705.fts,2010-02-14 22:06:04.438
/gehme/data/soho/lasco/level_05/c2/20100220/22326076.fts,2010-02-20 12:06:03.424
/gehme/data/soho/lasco/level_05/c2/20100221/22326128.fts,2010-02-21 04:06:25.979
/gehme/data/soho/lasco/level_05/c2/20100222/22326216.fts,2010-02-22 08:06:03.454
/gehme/data/soho/lasco/level_05/c2/20100223/22326307.fts,2010-02-23 12:06:03.476
/gehme/data/soho/lasco/level_05/c2/20100224/22326359.fts,2010-02-24 04:06:04.931
/gehme/data/soho/lasco/level_05/c2/20100225/22326424.fts,2010-02-25 00:06:03.625
/gehme/data/soho/lasco/level_05/c2/20100225/22326477.fts,2010-02-25 17:06:03.540
/gehme/data/soho/lasco/level_05/c2/20100228/22326681.fts,2010-02-28 09:54:03.461
/gehme/data/soho/lasco/level_05/c2/20100301/22326749.fts,2010-03-01 06:54:03.514
/gehme/data/soho/lasco/level_05/c2/20100302/22326806.fts,2010-03-02 00:06:03.520
/gehme/data/soho/lasco/level_05/c2/20100302/22326861.fts,2010-03-02 17:06:03.398
/gehme/data/soho/lasco/level_05/c2/20100304/22326961.fts,2010-03-04 00:06:03.544
/gehme/data/soho/lasco/level_05/c2/20100305/22327044.fts,2010-03-05 02:06:04.792
/gehme/data/soho/lasco/level_05/c2/20100305/22327110.fts,2010-03-05 23:06:03.761
/gehme/data/soho/lasco/level_05/c2/20100306/22327191.fts,2010-03-06 23:06:46.490
/gehme/data/soho/lasco/level_05/c2/20100309/22327371.fts,2010-03-09 06:54:03.431
/gehme/data/soho/lasco/level_05/c2/20100310/22327427.fts,2010-03-10 00:54:03.573
/gehme/data/soho/lasco/level_05/c2/20100312/22327593.fts,2010-03-12 03:08:02.838
/gehme/data/soho/lasco/level_05/c2/20100313/22327717.fts,2010-03-13 18:06:05.651
/gehme/data/soho/lasco/level_05/c2/20100315/22327823.fts,2010-03-15 03:08:03.612
/gehme/data/soho/lasco/level_05/c2/20100317/22328019.fts,2010-03-17 16:06:05.865
/gehme/data/soho/lasco/level_05/c2/20100319/22328180.fts,2010-03-19 18:54:05.431
/gehme/data/soho/lasco/level_05/c2/20100320/22328218.fts,2010-03-20 08:06:06.966
/gehme/data/soho/lasco/level_05/c2/20100320/22328215.fts,2010-03-20 06:54:05.515
/gehme/data/soho/lasco/level_05/c2/20100325/22329056.fts,2010-03-25 06:06:05.519
/gehme/data/soho/lasco/level_05/c2/20100326/22329164.fts,2010-03-26 15:08:25.983
/gehme/data/soho/lasco/level_05/c2/20100327/22329238.fts,2010-03-27 15:08:03.909
/gehme/data/soho/lasco/level_05/c2/20100329/22329379.fts,2010-03-29 11:06:05.527
/gehme/data/soho/lasco/level_05/c2/20100330/22329457.fts,2010-03-30 11:06:05.481
/gehme/data/soho/lasco/level_05/c2/20100402/22329663.fts,2010-04-02 12:54:06.793
/gehme/data/soho/lasco/level_05/c2/20100403/22329730.fts,2010-04-03 09:54:31.417
/gehme/data/soho/lasco/level_05/c2/20100404/22329776.fts,2010-04-04 00:06:05.643
/gehme/data/soho/lasco/level_05/c2/20100406/22329931.fts,2010-04-06 02:06:05.435
/gehme/data/soho/lasco/level_05/c2/20100407/22330004.fts,2010-04-07 00:06:05.441
/gehme/data/soho/lasco/level_05/c2/20100408/22330103.fts,2010-04-08 06:06:05.423
/gehme/data/soho/lasco/level_05/c2/20100409/22330235.fts,2010-04-09 23:06:05.474
/gehme/data/soho/lasco/level_05/c2/20100411/22330337.fts,2010-04-11 08:06:05.534
/gehme/data/soho/lasco/level_05/c2/20100412/22330422.fts,2010-04-12 09:08:04.818
/gehme/data/soho/lasco/level_05/c2/20100413/22330474.fts,2010-04-13 02:06:05.820
/gehme/data/soho/lasco/level_05/c2/20100415/22330680.fts,2010-04-15 16:06:05.402
/gehme/data/soho/lasco/level_05/c2/20100419/22330945.fts,2010-04-19 03:08:07.487
/gehme/data/soho/lasco/level_05/c2/20100419/22331005.fts,2010-04-19 22:06:05.588
/gehme/data/soho/lasco/level_05/c2/20100422/22331167.fts,2010-04-22 08:06:05.466
/gehme/data/soho/lasco/level_05/c2/20100423/22331227.fts,2010-04-23 11:06:06.667
/gehme/data/soho/lasco/level_05/c2/20100424/22331271.fts,2010-04-24 00:54:05.605
/gehme/data/soho/lasco/level_05/c2/20100424/22331269.fts,2010-04-24 00:06:06.738
/gehme/data/soho/lasco/level_05/c2/20100425/22331357.fts,2010-04-25 14:06:05.665
/gehme/data/soho/lasco/level_05/c2/20100426/22331467.fts,2010-04-26 16:12:06.680
/gehme/data/soho/lasco/level_05/c2/20100428/22331691.fts,2010-04-28 10:12:05.928
/gehme/data/soho/lasco/level_05/c2/20100501/22331999.fts,2010-05-01 09:12:10.946
/gehme/data/soho/lasco/level_05/c2/20100503/22332165.fts,2010-05-03 08:06:05.417
/gehme/data/soho/lasco/level_05/c2/20100504/22332236.fts,2010-05-04 09:08:04.298
/gehme/data/soho/lasco/level_05/c2/20100506/22332360.fts,2010-05-06 00:06:05.469
/gehme/data/soho/lasco/level_05/c2/20100506/22332405.fts,2010-05-06 14:06:05.396
/gehme/data/soho/lasco/level_05/c2/20100507/22332463.fts,2010-05-07 08:06:05.461
/gehme/data/soho/lasco/level_05/c2/20100508/22332535.fts,2010-05-08 06:54:05.406
/gehme/data/soho/lasco/level_05/c2/20100508/22332589.fts,2010-05-08 23:06:52.545
/gehme/data/soho/lasco/level_05/c2/20100511/22332747.fts,2010-05-11 00:54:05.782
/gehme/data/soho/lasco/level_05/c2/20100515/22333113.fts,2010-05-15 17:06:05.488
/gehme/data/soho/lasco/level_05/c2/20100519/22333510.fts,2010-05-19 11:06:05.431
/gehme/data/soho/lasco/level_05/c2/20100521/22333681.fts,2010-05-21 15:08:05.863
/gehme/data/soho/lasco/level_05/c2/20100522/22333783.fts,2010-05-22 23:06:49.360
/gehme/data/soho/lasco/level_05/c2/20100523/22333848.fts,2010-05-23 20:06:06.905
/gehme/data/soho/lasco/level_05/c2/20100526/22334093.fts,2010-05-26 23:06:05.604
/gehme/data/soho/lasco/level_05/c2/20100527/22334141.fts,2010-05-27 14:06:05.707
/gehme/data/soho/lasco/level_05/c2/20100530/22334403.fts,2010-05-30 23:06:47.250
/gehme/data/soho/lasco/level_05/c2/20100531/22334481.fts,2010-05-31 23:06:05.508
/gehme/data/soho/lasco/level_05/c2/20100602/22334619.fts,2010-06-02 17:06:05.600
/gehme/data/soho/lasco/level_05/c2/20100603/22334672.fts,2010-06-03 09:08:03.547
/gehme/data/soho/lasco/level_05/c2/20100604/22334730.fts,2010-06-04 06:06:05.444
/gehme/data/soho/lasco/level_05/c2/20100605/22334841.fts,2010-06-05 17:50:21.591
/gehme/data/soho/lasco/level_05/c2/20100612/22335347.fts,2010-06-12 03:08:02.841
/gehme/data/soho/lasco/level_05/c2/20100612/22335386.fts,2010-06-12 15:08:03.054
/gehme/data/soho/lasco/level_05/c2/20100612/22335380.fts,2010-06-12 14:06:05.599
/gehme/data/soho/lasco/level_05/c2/20100613/22335451.fts,2010-06-13 12:06:05.602
/gehme/data/soho/lasco/level_05/c2/20100614/22335544.fts,2010-06-14 16:06:06.463
/gehme/data/soho/lasco/level_05/c2/20100616/22335655.fts,2010-06-16 03:08:05.007
/gehme/data/soho/lasco/level_05/c2/20100616/22335700.fts,2010-06-16 18:06:05.501
/gehme/data/soho/lasco/level_05/c2/20100616/22335697.fts,2010-06-16 17:06:06.042
/gehme/data/soho/lasco/level_05/c2/20100619/22335857.fts,2010-06-19 01:55:50.952
/gehme/data/soho/lasco/level_05/c2/20100619/22335890.fts,2010-06-19 14:06:05.465
/gehme/data/soho/lasco/level_05/c2/20100620/22335987.fts,2010-06-20 21:26:08.914
/gehme/data/soho/lasco/level_05/c2/20100622/22336129.fts,2010-06-22 20:06:05.569
/gehme/data/soho/lasco/level_05/c2/20100623/22336206.fts,2010-06-23 19:27:12.337
/gehme/data/soho/lasco/level_05/c2/20100627/22336459.fts,2010-06-27 02:06:05.395
/gehme/data/soho/lasco/level_05/c2/20100629/22336663.fts,2010-06-29 17:06:07.142
/gehme/data/soho/lasco/level_05/c2/20100703/22336780.fts,2010-07-03 06:06:05.412
/gehme/data/soho/lasco/level_05/c2/20100704/22336873.fts,2010-07-04 11:06:11.336
/gehme/data/soho/lasco/level_05/c2/20100705/22336970.fts,2010-07-05 18:54:05.450
/gehme/data/soho/lasco/level_05/c2/20100709/22337216.fts,2010-07-09 00:54:05.713
/gehme/data/soho/lasco/level_05/c2/20100710/22337349.fts,2010-07-10 18:06:05.459
/gehme/data/soho/lasco/level_05/c2/20100711/22337390.fts,2010-07-11 08:06:05.590
/gehme/data/soho/lasco/level_05/c2/20100711/22337387.fts,2010-07-11 06:54:05.538
/gehme/data/soho/lasco/level_05/c2/20100714/22337639.fts,2010-07-14 12:54:05.553
/gehme/data/soho/lasco/level_05/c2/20100717/22337831.fts,2010-07-17 00:06:05.478
/gehme/data/soho/lasco/level_05/c2/20100718/22337956.fts,2010-07-18 15:08:03.690
/gehme/data/soho/lasco/level_05/c2/20100719/22338040.fts,2010-07-19 16:54:05.442
/gehme/data/soho/lasco/level_05/c2/20100724/22338399.fts,2010-07-24 04:12:05.400
/gehme/data/soho/lasco/level_05/c2/20100725/22338577.fts,2010-07-25 13:12:05.585
/gehme/data/soho/lasco/level_05/c2/20100728/22338702.fts,2010-07-28 06:48:05.582
/gehme/data/soho/lasco/level_05/c2/20100802/22338901.fts,2010-08-02 03:08:03.355
/gehme/data/soho/lasco/level_05/c2/20100806/22339196.fts,2010-08-06 02:12:05.624
/gehme/data/soho/lasco/level_05/c2/20100807/22339372.fts,2010-08-07 12:12:06.438
/gehme/data/soho/lasco/level_05/c2/20100808/22339517.fts,2010-08-08 16:12:05.496
/gehme/data/soho/lasco/level_05/c2/20100810/22339716.fts,2010-08-10 07:12:05.535
/gehme/data/soho/lasco/level_05/c2/20100813/22340143.fts,2010-08-13 17:12:05.685
/gehme/data/soho/lasco/level_05/c2/20100814/22340236.fts,2010-08-14 11:12:05.464
/gehme/data/soho/lasco/level_05/c2/20100815/22340351.fts,2010-08-15 09:12:10.466
/gehme/data/soho/lasco/level_05/c2/20100817/22340616.fts,2010-08-17 12:12:05.982
/gehme/data/soho/lasco/level_05/c2/20100818/22340701.fts,2010-08-18 05:12:05.650
/gehme/data/soho/lasco/level_05/c2/20100824/22341028.fts,2010-08-24 06:12:05.438
/gehme/data/soho/lasco/level_05/c2/20100825/22341188.fts,2010-08-25 14:12:05.544
/gehme/data/soho/lasco/level_05/c2/20100826/22341273.fts,2010-08-26 06:12:05.393
/gehme/data/soho/lasco/level_05/c2/20100827/22341434.fts,2010-08-27 13:25:44.721
/gehme/data/soho/lasco/level_05/c2/20100829/22341595.fts,2010-08-29 09:12:09.172
/gehme/data/soho/lasco/level_05/c2/20100831/22341796.fts,2010-08-31 00:12:05.408
/gehme/data/soho/lasco/level_05/c2/20100831/22341907.fts,2010-08-31 21:17:21.653
/gehme/data/soho/lasco/level_05/c2/20100901/22341991.fts,2010-09-01 14:12:07.365
/gehme/data/soho/lasco/level_05/c2/20100902/22342103.fts,2010-09-02 11:12:06.413
/gehme/data/soho/lasco/level_05/c2/20100904/22342325.fts,2010-09-04 07:10:50.601
/gehme/data/soho/lasco/level_05/c2/20100905/22342504.fts,2010-09-05 17:12:05.613
/gehme/data/soho/lasco/level_05/c2/20100907/22342748.fts,2010-09-07 16:12:05.431
/gehme/data/soho/lasco/level_05/c2/20100909/22342920.fts,2010-09-09 01:25:45.577
/gehme/data/soho/lasco/level_05/c2/20100910/22343045.fts,2010-09-10 01:25:45.399
/gehme/data/soho/lasco/level_05/c2/20100910/22343152.fts,2010-09-10 22:12:06.276
/gehme/data/soho/lasco/level_05/c2/20100911/22343246.fts,2010-09-11 17:12:06.102
/gehme/data/soho/lasco/level_05/c2/20100912/22343323.fts,2010-09-12 08:12:07.091
/gehme/data/soho/lasco/level_05/c2/20100913/22343485.fts,2010-09-13 15:12:08.727
/gehme/data/soho/lasco/level_05/c2/20100914/22343618.fts,2010-09-14 17:12:06.551
/gehme/data/soho/lasco/level_05/c2/20100915/22343748.fts,2010-09-15 18:12:05.532
/gehme/data/soho/lasco/level_05/c2/20100920/22344273.fts,2010-09-20 13:25:47.006
/gehme/data/soho/lasco/level_05/c2/20100922/22344555.fts,2010-09-22 20:12:05.797
/gehme/data/soho/lasco/level_05/c2/20100927/22345092.fts,2010-09-27 11:12:05.729
/gehme/data/soho/lasco/level_05/c2/20100928/22345250.fts,2010-09-28 18:12:06.245
/gehme/data/soho/lasco/level_05/c2/20100930/22345485.fts,2010-09-30 16:12:05.775
/gehme/data/soho/lasco/level_05/c2/20101002/22345728.fts,2010-10-02 15:12:09.664
/gehme/data/soho/lasco/level_05/c2/20101004/22345992.fts,2010-10-04 18:12:05.559
/gehme/data/soho/lasco/level_05/c2/20101006/22346197.fts,2010-10-06 09:12:09.373
/gehme/data/soho/lasco/level_05/c2/20101007/22346345.fts,2010-10-07 14:12:07.793
/gehme/data/soho/lasco/level_05/c2/20101008/22346489.fts,2010-10-08 18:12:05.440
/gehme/data/soho/lasco/level_05/c2/20101010/22346764.fts,2010-10-10 23:05:34.288
/gehme/data/soho/lasco/level_05/c2/20101014/22347259.fts,2010-10-14 22:12:05.806
/gehme/data/soho/lasco/level_05/c2/20101017/22347579.fts,2010-10-17 13:25:55.108
/gehme/data/soho/lasco/level_05/c2/20101022/22348216.fts,2010-10-22 01:25:49.505
/gehme/data/soho/lasco/level_05/c2/20101025/22348697.fts,2010-10-25 23:12:07.001
/gehme/data/soho/lasco/level_05/c2/20101026/22348772.fts,2010-10-26 14:12:05.395
/gehme/data/soho/lasco/level_05/c2/20101027/22348866.fts,2010-10-27 08:12:05.466
/gehme/data/soho/lasco/level_05/c2/20101028/22348965.fts,2010-10-28 03:12:10.497
/gehme/data/soho/lasco/level_05/c2/20101029/22349099.fts,2010-10-29 14:12:05.379
/gehme/data/soho/lasco/level_05/c2/20101031/22349245.fts,2010-10-31 02:12:05.551
/gehme/data/soho/lasco/level_05/c2/20101103/22349648.fts,2010-11-03 08:12:05.612
/gehme/data/soho/lasco/level_05/c2/20101104/22349741.fts,2010-11-04 02:12:05.469
/gehme/data/soho/lasco/level_05/c2/20101107/22350195.fts,2010-11-07 23:05:59.755
/gehme/data/soho/lasco/level_05/c2/20101109/22350334.fts,2010-11-09 02:12:06.238
/gehme/data/soho/lasco/level_05/c2/20101110/22350495.fts,2010-11-10 09:12:08.664
/gehme/data/soho/lasco/level_05/c2/20101111/22350624.fts,2010-11-11 10:12:05.448
/gehme/data/soho/lasco/level_05/c2/20101112/22350748.fts,2010-11-12 10:12:05.575
/gehme/data/soho/lasco/level_05/c2/20101113/22350862.fts,2010-11-13 10:12:06.461
/gehme/data/soho/lasco/level_05/c2/20101114/22351026.fts,2010-11-14 18:12:05.564
/gehme/data/soho/lasco/level_05/c2/20101115/22351145.fts,2010-11-15 17:12:06.730
/gehme/data/soho/lasco/level_05/c2/20101116/22351248.fts,2010-11-16 13:25:23.911
/gehme/data/soho/lasco/level_05/c2/20101119/22351567.fts,2010-11-19 04:12:05.518
/gehme/data/soho/lasco/level_05/c2/20101120/22351686.fts,2010-11-20 06:10:55.165
/gehme/data/soho/lasco/level_05/c2/20101122/22351915.fts,2010-11-22 00:09:40.562
/gehme/data/soho/lasco/level_05/c2/20101123/22352101.fts,2010-11-23 12:12:05.402
/gehme/data/soho/lasco/level_05/c2/20101124/22352203.fts,2010-11-24 08:12:05.582
/gehme/data/soho/lasco/level_05/c2/20101125/22352407.fts,2010-11-25 23:05:53.681
/gehme/data/soho/lasco/level_05/c2/20101127/22352547.fts,2010-11-27 03:12:08.640
/gehme/data/soho/lasco/level_05/c2/20101129/22352785.fts,2010-11-29 06:12:06.337
/gehme/data/soho/lasco/level_05/c2/20101129/22352871.fts,2010-11-29 22:12:05.777
/gehme/data/soho/lasco/level_05/c2/20101130/22352989.fts,2010-11-30 21:17:38.654
/gehme/data/soho/lasco/level_05/c2/20101202/22353189.fts,2010-12-02 12:12:05.553
/gehme/data/soho/lasco/level_05/c2/20101205/22353509.fts,2010-12-05 04:12:05.422
/gehme/data/soho/lasco/level_05/c2/20101206/22353691.fts,2010-12-06 15:12:08.779
/gehme/data/soho/lasco/level_05/c2/20101207/22353819.fts,2010-12-07 16:03:47.891
/gehme/data/soho/lasco/level_05/c2/20101208/22353933.fts,2010-12-08 14:12:05.580
/gehme/data/soho/lasco/level_05/c2/20101210/22354164.fts,2010-12-10 11:12:05.571
/gehme/data/soho/lasco/level_05/c2/20101211/22354264.fts,2010-12-11 07:12:05.547
/gehme/data/soho/lasco/level_05/c2/20101212/22354390.fts,2010-12-12 07:12:05.458
/gehme/data/soho/lasco/level_05/c2/20101214/22354688.fts,2010-12-14 17:12:05.830
/gehme/data/soho/lasco/level_05/c2/20101215/22354822.fts,2010-12-15 19:12:05.961
/gehme/data/soho/lasco/level_05/c2/20101216/22354901.fts,2010-12-16 10:12:06.143
/gehme/data/soho/lasco/level_05/c2/20101219/22355260.fts,2010-12-19 08:12:05.530
/gehme/data/soho/lasco/level_05/c2/20101220/22355424.fts,2010-12-20 16:13:41.833
/gehme/data/soho/lasco/level_05/c2/20101221/22355491.fts,2010-12-21 05:12:06.185
/gehme/data/soho/lasco/level_05/c2/20101223/22355771.fts,2010-12-23 11:12:06.777
/gehme/data/soho/lasco/level_05/c2/20101224/22355913.fts,2010-12-24 15:12:10.139
/gehme/data/soho/lasco/level_05/c2/20101226/22356124.fts,2010-12-26 08:12:06.251
/gehme/data/soho/lasco/level_05/c2/20101227/22356229.fts,2010-12-27 04:12:05.528
/gehme/data/soho/lasco/level_05/c2/20101229/22356459.fts,2010-12-29 01:25:48.103
/gehme/data/soho/lasco/level_05/c2/20101229/22356570.fts,2010-12-29 22:12:05.449
/gehme/data/soho/lasco/level_05/c2/20101230/22356681.fts,2010-12-30 20:12:05.846
/gehme/data/soho/lasco/level_05/c2/20110102/22357026.fts,2011-01-02 17:12:06.025
/gehme/data/soho/lasco/level_05/c2/20110104/22357208.fts,2011-01-04 06:12:06.101
/gehme/data/soho/lasco/level_05/c2/20110106/22357496.fts,2011-01-06 14:12:05.904
/gehme/data/soho/lasco/level_05/c2/20110107/22357657.fts,2011-01-07 21:12:08.779
/gehme/data/soho/lasco/level_05/c2/20110109/22357910.fts,2011-01-09 22:12:05.861
/gehme/data/soho/lasco/level_05/c2/20110110/22358027.fts,2011-01-10 23:05:57.154
/gehme/data/soho/lasco/level_05/c2/20110111/22358151.fts,2011-01-11 23:05:59.164
/gehme/data/soho/lasco/level_05/c2/20110113/22358285.fts,2011-01-13 01:25:46.981
/gehme/data/soho/lasco/level_05/c2/20110114/22358415.fts,2011-01-14 04:12:06.088
/gehme/data/soho/lasco/level_05/c2/20110116/22358728.fts,2011-01-16 18:12:05.459
/gehme/data/soho/lasco/level_05/c2/20110118/22358851.fts,2011-01-18 04:12:05.430
/gehme/data/soho/lasco/level_05/c2/20110119/22359020.fts,2011-01-19 18:12:05.914
/gehme/data/soho/lasco/level_05/c2/20110120/22359109.fts,2011-01-20 11:12:05.415
/gehme/data/soho/lasco/level_05/c2/20110121/22359241.fts,2011-01-21 13:25:25.139
/gehme/data/soho/lasco/level_05/c2/20110123/22359416.fts,2011-01-23 03:12:10.441
/gehme/data/soho/lasco/level_05/c2/20110123/22359409.fts,2011-01-23 02:12:05.583
/gehme/data/soho/lasco/level_05/c2/20110123/22359520.fts,2011-01-23 23:12:05.421
/gehme/data/soho/lasco/level_05/c2/20110125/22359674.fts,2011-01-25 05:12:05.791
/gehme/data/soho/lasco/level_05/c2/20110126/22359754.fts,2011-01-26 01:26:16.757
/gehme/data/soho/lasco/level_05/c2/20110127/22359985.fts,2011-01-27 21:24:08.743
/gehme/data/soho/lasco/level_05/c2/20110129/22360122.fts,2011-01-29 02:00:05.605
/gehme/data/soho/lasco/level_05/c2/20110130/22360290.fts,2011-01-30 09:12:08.719
/gehme/data/soho/lasco/level_05/c2/20110131/22360448.fts,2011-01-31 15:48:05.456
/gehme/data/soho/lasco/level_05/c2/20110201/22360590.fts,2011-02-01 20:12:05.490
/gehme/data/soho/lasco/level_05/c2/20110205/22360780.fts,2011-02-05 01:25:46.123
/gehme/data/soho/lasco/level_05/c2/20110209/22361234.fts,2011-02-09 03:12:06.775
/gehme/data/soho/lasco/level_05/c2/20110209/22361296.fts,2011-02-09 16:31:47.768
/gehme/data/soho/lasco/level_05/c2/20110213/22361809.fts,2011-02-13 18:12:05.803
/gehme/data/soho/lasco/level_05/c2/20110214/22361931.fts,2011-02-14 17:24:05.572
/gehme/data/soho/lasco/level_05/c2/20110216/22362112.fts,2011-02-16 03:12:08.820
/gehme/data/soho/lasco/level_05/c2/20110217/22362190.fts,2011-02-17 02:12:06.720
/gehme/data/soho/lasco/level_05/c2/20110218/22362398.fts,2011-02-18 18:12:07.773
/gehme/data/soho/lasco/level_05/c2/20110220/22362639.fts,2011-02-20 17:12:05.655
/gehme/data/soho/lasco/level_05/c2/20110224/22363084.fts,2011-02-24 09:12:10.516
/gehme/data/soho/lasco/level_05/c2/20110225/22363201.fts,2011-02-25 08:12:05.564
/gehme/data/soho/lasco/level_05/c2/20110226/22363363.fts,2011-02-26 16:12:06.401
/gehme/data/soho/lasco/level_05/c2/20110227/22363419.fts,2011-02-27 18:12:06.214
/gehme/data/soho/lasco/level_05/c2/20110302/22363695.fts,2011-03-02 00:12:38.339
/gehme/data/soho/lasco/level_05/c2/20110303/22363776.fts,2011-03-03 02:48:41.145
/gehme/data/soho/lasco/level_05/c2/20110303/22363875.fts,2011-03-03 22:12:05.646
/gehme/data/soho/lasco/level_05/c2/20110306/22364100.fts,2011-03-06 05:12:06.582
/gehme/data/soho/lasco/level_05/c2/20110306/22364172.fts,2011-03-06 19:12:06.506
/gehme/data/soho/lasco/level_05/c2/20110307/22364270.fts,2011-03-07 14:12:06.624
/gehme/data/soho/lasco/level_05/c2/20110308/22364421.fts,2011-03-08 20:12:05.586
/gehme/data/soho/lasco/level_05/c2/20110310/22364602.fts,2011-03-10 07:12:07.790
/gehme/data/soho/lasco/level_05/c2/20110311/22364785.fts,2011-03-11 19:12:07.197
/gehme/data/soho/lasco/level_05/c2/20110314/22365080.fts,2011-03-14 05:12:05.908
/gehme/data/soho/lasco/level_05/c2/20110316/22365285.fts,2011-03-16 05:12:05.845
/gehme/data/soho/lasco/level_05/c2/20110316/22365357.fts,2011-03-16 19:12:07.967
/gehme/data/soho/lasco/level_05/c2/20110317/22365446.fts,2011-03-17 12:12:06.865
/gehme/data/soho/lasco/level_05/c2/20110319/22365686.fts,2011-03-19 12:12:06.007
/gehme/data/soho/lasco/level_05/c2/20110321/22365880.fts,2011-03-21 02:12:05.937
/gehme/data/soho/lasco/level_05/c2/20110321/22365955.fts,2011-03-21 17:12:05.816
/gehme/data/soho/lasco/level_05/c2/20110322/22366074.fts,2011-03-22 17:12:06.883
/gehme/data/soho/lasco/level_05/c2/20110323/22366154.fts,2011-03-23 09:12:09.025
/gehme/data/soho/lasco/level_05/c2/20110325/22366382.fts,2011-03-25 07:12:06.306
/gehme/data/soho/lasco/level_05/c2/20110326/22366497.fts,2011-03-26 05:12:05.898
/gehme/data/soho/lasco/level_05/c2/20110327/22366621.fts,2011-03-27 05:12:06.707
/gehme/data/soho/lasco/level_05/c2/20110328/22366728.fts,2011-03-28 02:12:06.042
/gehme/data/soho/lasco/level_05/c2/20110328/22366802.fts,2011-03-28 16:12:07.550
/gehme/data/soho/lasco/level_05/c2/20110329/22366896.fts,2011-03-29 10:12:06.634
/gehme/data/soho/lasco/level_05/c2/20110331/22367205.fts,2011-03-31 22:12:05.953
/gehme/data/soho/lasco/level_05/c2/20110407/22367718.fts,2011-04-07 06:12:06.384
/gehme/data/soho/lasco/level_05/c2/20110408/22367921.fts,2011-04-08 22:12:06.979
/gehme/data/soho/lasco/level_05/c2/20110410/22368089.fts,2011-04-10 07:12:06.270
/gehme/data/soho/lasco/level_05/c2/20110410/22368169.fts,2011-04-10 22:12:06.350
/gehme/data/soho/lasco/level_05/c2/20110412/22368299.fts,2011-04-12 00:12:05.952
/gehme/data/soho/lasco/level_05/c2/20110413/22368511.fts,2011-04-13 17:12:06.760
/gehme/data/soho/lasco/level_05/c2/20110415/22368670.fts,2011-04-15 01:25:48.595
/gehme/data/soho/lasco/level_05/c2/20110416/22368808.fts,2011-04-16 04:12:05.792
/gehme/data/soho/lasco/level_05/c2/20110417/22368916.fts,2011-04-17 01:25:27.018
/gehme/data/soho/lasco/level_05/c2/20110417/22368988.fts,2011-04-17 15:12:09.049
/gehme/data/soho/lasco/level_05/c2/20110419/22369273.fts,2011-04-19 23:05:42.687
/gehme/data/soho/lasco/level_05/c2/20110421/22369405.fts,2011-04-21 01:25:26.002
/gehme/data/soho/lasco/level_05/c2/20110422/22369533.fts,2011-04-22 06:12:13.217
/gehme/data/soho/lasco/level_05/c2/20110424/22369807.fts,2011-04-24 19:12:06.453
/gehme/data/soho/lasco/level_05/c2/20110425/22369934.fts,2011-04-25 20:12:05.887
/gehme/data/soho/lasco/level_05/c2/20110427/22370089.fts,2011-04-27 02:12:05.847
/gehme/data/soho/lasco/level_05/c2/20110428/22370292.fts,2011-04-28 17:12:06.032
/gehme/data/soho/lasco/level_05/c2/20110430/22370484.fts,2011-04-30 07:12:05.823
/gehme/data/soho/lasco/level_05/c2/20110501/22370655.fts,2011-05-01 16:12:06.553
/gehme/data/soho/lasco/level_05/c2/20110502/22370786.fts,2011-05-02 18:12:05.792
/gehme/data/soho/lasco/level_05/c2/20110503/22370904.fts,2011-05-03 21:24:09.773
/gehme/data/soho/lasco/level_05/c2/20110504/22371004.fts,2011-05-04 17:12:06.158
/gehme/data/soho/lasco/level_05/c2/20110506/22371209.fts,2011-05-06 09:12:09.985
/gehme/data/soho/lasco/level_05/c2/20110507/22371352.fts,2011-05-07 13:25:50.116
/gehme/data/soho/lasco/level_05/c2/20110509/22371534.fts,2011-05-09 00:12:07.876
/gehme/data/soho/lasco/level_05/c2/20110509/22371610.fts,2011-05-09 15:12:11.059
/gehme/data/soho/lasco/level_05/c2/20110511/22371797.fts,2011-05-11 03:12:11.768
/gehme/data/soho/lasco/level_05/c2/20110512/22371914.fts,2011-05-12 02:12:07.015
/gehme/data/soho/lasco/level_05/c2/20110512/22371990.fts,2011-05-12 17:12:06.053
/gehme/data/soho/lasco/level_05/c2/20110513/22372113.fts,2011-05-13 17:12:07.259
/gehme/data/soho/lasco/level_05/c2/20110514/22372261.fts,2011-05-14 21:24:11.391
/gehme/data/soho/lasco/level_05/c2/20110516/22372498.fts,2011-05-16 20:12:05.834
/gehme/data/soho/lasco/level_05/c2/20110518/22372737.fts,2011-05-18 18:12:06.630
/gehme/data/soho/lasco/level_05/c2/20110520/22372954.fts,2011-05-20 12:12:05.891
/gehme/data/soho/lasco/level_05/c2/20110523/22373275.fts,2011-05-23 03:12:09.795
/gehme/data/soho/lasco/level_05/c2/20110523/22373351.fts,2011-05-23 18:00:05.782
/gehme/data/soho/lasco/level_05/c2/20110524/22373472.fts,2011-05-24 22:12:06.766
/gehme/data/soho/lasco/level_05/c2/20110525/22373543.fts,2011-05-25 12:12:06.187
/gehme/data/soho/lasco/level_05/c2/20110527/22373818.fts,2011-05-27 18:12:07.204
/gehme/data/soho/lasco/level_05/c2/20110528/22373942.fts,2011-05-28 18:12:06.212
/gehme/data/soho/lasco/level_05/c2/20110529/22374030.fts,2011-05-29 11:12:07.608
/gehme/data/soho/lasco/level_05/c2/20110530/22374159.fts,2011-05-30 12:12:25.874
/gehme/data/soho/lasco/level_05/c2/20110531/22374229.fts,2011-05-31 02:12:06.995
/gehme/data/soho/lasco/level_05/c2/20110601/22374358.fts,2011-06-01 03:12:09.077
/gehme/data/soho/lasco/level_05/c2/20110602/22374502.fts,2011-06-02 07:12:05.920
/gehme/data/soho/lasco/level_05/c2/20110602/22374497.fts,2011-06-02 06:12:06.561
/gehme/data/soho/lasco/level_05/c2/20110603/22374608.fts,2011-06-03 04:17:45.447
/gehme/data/soho/lasco/level_05/c2/20110604/22374740.fts,2011-06-04 06:12:06.512
/gehme/data/soho/lasco/level_05/c2/20110604/22374797.fts,2011-06-04 21:06:01.695
/gehme/data/soho/lasco/level_05/c2/20110606/22374930.fts,2011-06-06 07:15:19.689
/gehme/data/soho/lasco/level_05/c2/20110607/22375021.fts,2011-06-07 06:04:58.542
/gehme/data/soho/lasco/level_05/c2/20110607/22375069.fts,2011-06-07 18:15:14.738
/gehme/data/soho/lasco/level_05/c2/20110607/22375065.fts,2011-06-07 17:13:54.280
/gehme/data/soho/lasco/level_05/c2/20110608/22375120.fts,2011-06-08 07:07:32.205
/gehme/data/soho/lasco/level_05/c2/20110608/22375116.fts,2011-06-08 06:08:02.045
/gehme/data/soho/lasco/level_05/c2/20110608/22375190.fts,2011-06-08 22:12:05.890
/gehme/data/soho/lasco/level_05/c2/20110610/22375369.fts,2011-06-10 09:12:09.244
/gehme/data/soho/lasco/level_05/c2/20110612/22375569.fts,2011-06-12 00:12:06.932
/gehme/data/soho/lasco/level_05/c2/20110612/22375656.fts,2011-06-12 17:12:05.928
/gehme/data/soho/lasco/level_05/c2/20110613/22375795.fts,2011-06-13 20:12:06.512
/gehme/data/soho/lasco/level_05/c2/20110615/22376018.fts,2011-06-15 15:12:09.236
/gehme/data/soho/lasco/level_05/c2/20110618/22376393.fts,2011-06-18 15:12:09.028
/gehme/data/soho/lasco/level_05/c2/20110619/22376527.fts,2011-06-19 17:12:05.952
/gehme/data/soho/lasco/level_05/c2/20110620/22376655.fts,2011-06-20 18:12:08.383
/gehme/data/soho/lasco/level_05/c2/20110623/22376998.fts,2011-06-23 12:12:05.854
/gehme/data/soho/lasco/level_05/c2/20110626/22377418.fts,2011-06-26 22:12:05.900
/gehme/data/soho/lasco/level_05/c2/20110628/22377569.fts,2011-06-28 04:12:08.630
/gehme/data/soho/lasco/level_05/c2/20110628/22377646.fts,2011-06-28 19:12:07.509
/gehme/data/soho/lasco/level_05/c2/20110630/22377849.fts,2011-06-30 10:12:06.094
/gehme/data/soho/lasco/level_05/c2/20110701/22378047.fts,2011-07-01 23:23:48.572
/gehme/data/soho/lasco/level_05/c2/20110702/22378176.fts,2011-07-02 21:48:05.908
/gehme/data/soho/lasco/level_05/c2/20110704/22378316.fts,2011-07-04 01:48:05.769
/gehme/data/soho/lasco/level_05/c2/20110704/22378390.fts,2011-07-04 15:48:05.799
/gehme/data/soho/lasco/level_05/c2/20110706/22378562.fts,2011-07-06 01:48:05.768
/gehme/data/soho/lasco/level_05/c2/20110706/22378678.fts,2011-07-06 23:48:05.873
/gehme/data/soho/lasco/level_05/c2/20110707/22378679.fts,2011-07-07 00:00:05.765
/gehme/data/soho/lasco/level_05/c2/20110707/22378748.fts,2011-07-07 13:48:05.804
/gehme/data/soho/lasco/level_05/c2/20110708/22378923.fts,2011-07-08 23:48:05.738
/gehme/data/soho/lasco/level_05/c2/20110709/22379006.fts,2011-07-09 16:00:05.772
/gehme/data/soho/lasco/level_05/c2/20110710/22379110.fts,2011-07-10 12:00:05.750
/gehme/data/soho/lasco/level_05/c2/20110711/22379224.fts,2011-07-11 10:00:05.943
/gehme/data/soho/lasco/level_05/c2/20110712/22379349.fts,2011-07-12 10:48:06.846
/gehme/data/soho/lasco/level_05/c2/20110713/22379507.fts,2011-07-13 17:48:05.768
/gehme/data/soho/lasco/level_05/c2/20110714/22379579.fts,2011-07-14 07:48:06.790
/gehme/data/soho/lasco/level_05/c2/20110714/22379574.fts,2011-07-14 06:48:05.831
/gehme/data/soho/lasco/level_05/c2/20110715/22379762.fts,2011-07-15 19:48:05.770
/gehme/data/soho/lasco/level_05/c2/20110718/22380037.fts,2011-07-18 00:48:05.784
/gehme/data/soho/lasco/level_05/c2/20110718/22380139.fts,2011-07-18 21:48:05.914
/gehme/data/soho/lasco/level_05/c2/20110720/22380305.fts,2011-07-20 11:00:05.911
/gehme/data/soho/lasco/level_05/c2/20110721/22380463.fts,2011-07-21 16:48:06.198
/gehme/data/soho/lasco/level_05/c2/20110723/22380650.fts,2011-07-23 12:00:05.896
/gehme/data/soho/lasco/level_05/c2/20110724/22380798.fts,2011-07-24 16:48:07.104
/gehme/data/soho/lasco/level_05/c2/20110725/22380918.fts,2011-07-25 16:00:06.947
/gehme/data/soho/lasco/level_05/c2/20110727/22381090.fts,2011-07-27 01:48:07.386
/gehme/data/soho/lasco/level_05/c2/20110728/22381293.fts,2011-07-28 16:48:07.974
/gehme/data/soho/lasco/level_05/c2/20110802/22381850.fts,2011-08-02 05:00:05.833
/gehme/data/soho/lasco/level_05/c2/20110804/22382090.fts,2011-08-04 03:48:08.796
/gehme/data/soho/lasco/level_05/c2/20110806/22382378.fts,2011-08-06 11:48:05.823
/gehme/data/soho/lasco/level_05/c2/20110808/22382654.fts,2011-08-08 17:48:06.875
/gehme/data/soho/lasco/level_05/c2/20110808/22382649.fts,2011-08-08 16:48:06.316
/gehme/data/soho/lasco/level_05/c2/20110809/22382727.fts,2011-08-09 07:48:06.595
/gehme/data/soho/lasco/level_05/c2/20110809/22382722.fts,2011-08-09 06:48:07.437
/gehme/data/soho/lasco/level_05/c2/20110811/22382988.fts,2011-08-11 10:00:05.814
/gehme/data/soho/lasco/level_05/c2/20110812/22383094.fts,2011-08-12 07:12:05.736
/gehme/data/soho/lasco/level_05/c2/20110813/22383227.fts,2011-08-13 09:48:06.033
/gehme/data/soho/lasco/level_05/c2/20110814/22383335.fts,2011-08-14 07:00:05.754
/gehme/data/soho/lasco/level_05/c2/20110816/22383584.fts,2011-08-16 07:00:06.267
/gehme/data/soho/lasco/level_05/c2/20110817/22383685.fts,2011-08-17 02:48:07.846
/gehme/data/soho/lasco/level_05/c2/20110818/22383864.fts,2011-08-18 14:00:06.563
/gehme/data/soho/lasco/level_05/c2/20110820/22384157.fts,2011-08-20 23:05:53.682
/gehme/data/soho/lasco/level_05/c2/20110823/22384579.fts,2011-08-23 23:58:18.587
/gehme/data/soho/lasco/level_05/c2/20110824/22384636.fts,2011-08-24 14:00:16.583
/gehme/data/soho/lasco/level_05/c2/20110825/22384754.fts,2011-08-25 19:01:25.975
/gehme/data/soho/lasco/level_05/c2/20110827/22384965.fts,2011-08-27 14:00:06.076
/gehme/data/soho/lasco/level_05/c2/20110828/22385049.fts,2011-08-28 06:00:06.813
/gehme/data/soho/lasco/level_05/c2/20110829/22385223.fts,2011-08-29 15:48:06.713
/gehme/data/soho/lasco/level_05/c2/20110830/22385336.fts,2011-08-30 13:48:05.803
/gehme/data/soho/lasco/level_05/c2/20110831/22385477.fts,2011-08-31 16:48:06.685
/gehme/data/soho/lasco/level_05/c2/20110902/22385668.fts,2011-09-02 06:36:07.206
/gehme/data/soho/lasco/level_05/c2/20110902/22385748.fts,2011-09-02 21:48:07.177
/gehme/data/soho/lasco/level_05/c2/20110903/22385826.fts,2011-09-03 13:57:29.847
/gehme/data/soho/lasco/level_05/c2/20110905/22386011.fts,2011-09-05 01:48:05.862
/gehme/data/soho/lasco/level_05/c2/20110906/22386135.fts,2011-09-06 01:48:05.967
/gehme/data/soho/lasco/level_05/c2/20110908/22386489.fts,2011-09-08 21:48:05.932
/gehme/data/soho/lasco/level_05/c2/20110911/22386788.fts,2011-09-11 08:48:07.582
/gehme/data/soho/lasco/level_05/c2/20110913/22387027.fts,2011-09-13 06:48:05.877
/gehme/data/soho/lasco/level_05/c2/20110914/22387201.fts,2011-09-14 17:00:06.987
/gehme/data/soho/lasco/level_05/c2/20110916/22387476.fts,2011-09-16 23:48:06.003
/gehme/data/soho/lasco/level_05/c2/20110918/22387641.fts,2011-09-18 08:00:06.170
/gehme/data/soho/lasco/level_05/c2/20110919/22387844.fts,2011-09-19 23:05:53.750
/gehme/data/soho/lasco/level_05/c2/20110921/22388058.fts,2011-09-21 16:48:06.124
/gehme/data/soho/lasco/level_05/c2/20110922/22388146.fts,2011-09-22 10:00:07.211
/gehme/data/soho/lasco/level_05/c2/20110923/22388286.fts,2011-09-23 13:48:06.162
/gehme/data/soho/lasco/level_05/c2/20110926/22388606.fts,2011-09-26 04:00:07.349
/gehme/data/soho/lasco/level_05/c2/20110927/22388714.fts,2011-09-27 00:48:05.788
/gehme/data/soho/lasco/level_05/c2/20110928/22388869.fts,2011-09-28 16:48:05.871
/gehme/data/soho/lasco/level_05/c2/20110930/22388945.fts,2011-09-30 00:00:05.881
/gehme/data/soho/lasco/level_05/c2/20110930/22389041.fts,2011-09-30 19:00:05.998
/gehme/data/soho/lasco/level_05/c2/20111003/22389323.fts,2011-10-03 01:48:05.930
/gehme/data/soho/lasco/level_05/c2/20111003/22389419.fts,2011-10-03 20:48:07.846
/gehme/data/soho/lasco/level_05/c2/20111004/22389500.fts,2011-10-04 12:00:06.317
/gehme/data/soho/lasco/level_05/c2/20111007/22389894.fts,2011-10-07 16:48:06.239
/gehme/data/soho/lasco/level_05/c2/20111008/22390051.fts,2011-10-08 23:05:55.786
/gehme/data/soho/lasco/level_05/c2/20111013/22390365.fts,2011-10-13 01:48:28.848
/gehme/data/soho/lasco/level_05/c2/20111013/22390430.fts,2011-10-13 16:48:05.388
/gehme/data/soho/lasco/level_05/c2/20111014/22390512.fts,2011-10-14 08:48:06.529
/gehme/data/soho/lasco/level_05/c2/20111016/22390802.fts,2011-10-16 16:48:05.423
/gehme/data/soho/lasco/level_05/c2/20111017/22390890.fts,2011-10-17 10:00:07.115
/gehme/data/soho/lasco/level_05/c2/20111018/22390962.fts,2011-10-18 08:48:05.776
/gehme/data/soho/lasco/level_05/c2/20111019/22391104.fts,2011-10-19 12:00:06.556
/gehme/data/soho/lasco/level_05/c2/20111020/22391185.fts,2011-10-20 03:48:05.706
/gehme/data/soho/lasco/level_05/c2/20111021/22391287.fts,2011-10-21 08:00:05.473
/gehme/data/soho/lasco/level_05/c2/20111025/22391799.fts,2011-10-25 11:48:05.554
/gehme/data/soho/lasco/level_05/c2/20111026/22391906.fts,2011-10-26 08:48:07.487
/gehme/data/soho/lasco/level_05/c2/20111028/22392191.fts,2011-10-28 18:48:05.458
/gehme/data/soho/lasco/level_05/c2/20111029/22392300.fts,2011-10-29 15:48:06.292
/gehme/data/soho/lasco/level_05/c2/20111029/22392293.fts,2011-10-29 14:48:05.933
/gehme/data/soho/lasco/level_05/c2/20111030/22392424.fts,2011-10-30 15:48:05.500
/gehme/data/soho/lasco/level_05/c2/20111031/22392536.fts,2011-10-31 13:48:05.594
/gehme/data/soho/lasco/level_05/c2/20111101/22392635.fts,2011-11-01 08:48:05.611
/gehme/data/soho/lasco/level_05/c2/20111102/22392833.fts,2011-11-02 23:48:05.479
/gehme/data/soho/lasco/level_05/c2/20111103/22392947.fts,2011-11-03 21:48:05.470
/gehme/data/soho/lasco/level_05/c2/20111105/22393076.fts,2011-11-05 01:48:07.465
/gehme/data/soho/lasco/level_05/c2/20111106/22393285.fts,2011-11-06 18:00:05.430
/gehme/data/soho/lasco/level_05/c2/20111107/22393437.fts,2011-11-07 23:12:06.044
/gehme/data/soho/lasco/level_05/c2/20111109/22393593.fts,2011-11-09 08:00:05.414
/gehme/data/soho/lasco/level_05/c2/20111111/22393831.fts,2011-11-11 06:36:06.505
/gehme/data/soho/lasco/level_05/c2/20111112/22394011.fts,2011-11-12 18:48:05.458
/gehme/data/soho/lasco/level_05/c2/20111113/22394126.fts,2011-11-13 17:00:05.558
/gehme/data/soho/lasco/level_05/c2/20111114/22394249.fts,2011-11-14 16:48:05.493
/gehme/data/soho/lasco/level_05/c2/20111117/22394619.fts,2011-11-17 16:48:05.755
/gehme/data/soho/lasco/level_05/c2/20111120/22394980.fts,2011-11-20 15:48:05.465
/gehme/data/soho/lasco/level_05/c2/20111121/22395104.fts,2011-11-21 15:48:05.490
/gehme/data/soho/lasco/level_05/c2/20111122/22395257.fts,2011-11-22 21:49:23.718
/gehme/data/soho/lasco/level_05/c2/20111124/22395397.fts,2011-11-24 01:48:06.663
/gehme/data/soho/lasco/level_05/c2/20111125/22395521.fts,2011-11-25 02:00:05.565
/gehme/data/soho/lasco/level_05/c2/20111126/22395662.fts,2011-11-26 06:00:06.192
/gehme/data/soho/lasco/level_05/c2/20111127/22395812.fts,2011-11-27 10:48:05.403
/gehme/data/soho/lasco/level_05/c2/20111128/22395981.fts,2011-11-28 19:48:05.842
/gehme/data/soho/lasco/level_05/c2/20111129/22396121.fts,2011-11-29 22:36:06.846
/gehme/data/soho/lasco/level_05/c2/20111130/22396241.fts,2011-11-30 21:48:06.073
/gehme/data/soho/lasco/level_05/c2/20111202/22396434.fts,2011-12-02 11:48:06.668
/gehme/data/soho/lasco/level_05/c2/20111204/22396715.fts,2011-12-04 19:00:05.716
/gehme/data/soho/lasco/level_05/c2/20111205/22396836.fts,2011-12-05 19:00:05.425
/gehme/data/soho/lasco/level_05/c2/20111206/22396904.fts,2011-12-06 09:48:05.614
/gehme/data/soho/lasco/level_05/c2/20111207/22396994.fts,2011-12-07 04:00:05.563
/gehme/data/soho/lasco/level_05/c2/20111208/22397159.fts,2011-12-08 11:48:05.550
/gehme/data/soho/lasco/level_05/c2/20111209/22397261.fts,2011-12-09 08:00:05.517
/gehme/data/soho/lasco/level_05/c2/20111210/22397361.fts,2011-12-10 11:00:06.021
/gehme/data/soho/lasco/level_05/c2/20111212/22397649.fts,2011-12-12 19:00:07.108
/gehme/data/soho/lasco/level_05/c2/20111214/22397826.fts,2011-12-14 06:01:07.917
/gehme/data/soho/lasco/level_05/c2/20111215/22397931.fts,2011-12-15 06:00:06.331
/gehme/data/soho/lasco/level_05/c2/20111219/22398404.fts,2011-12-19 10:48:05.509
/gehme/data/soho/lasco/level_05/c2/20111221/22398601.fts,2011-12-21 02:00:05.525
/gehme/data/soho/lasco/level_05/c2/20111221/22398673.fts,2011-12-21 15:55:19.112
/gehme/data/soho/lasco/level_05/c2/20111223/22398848.fts,2011-12-23 02:48:05.574
/gehme/data/soho/lasco/level_05/c2/20111224/22398966.fts,2011-12-24 00:48:06.067
/gehme/data/soho/lasco/level_05/c2/20111224/22399083.fts,2011-12-24 23:48:08.002
/gehme/data/soho/lasco/level_05/c2/20111225/22399175.fts,2011-12-25 17:48:05.661
/gehme/data/soho/lasco/level_05/c2/20111228/22399554.fts,2011-12-28 19:48:05.422
/gehme/data/soho/lasco/level_05/c2/20111230/22399727.fts,2011-12-30 05:48:05.618
/gehme/data/soho/lasco/level_05/c2/20111230/22399722.fts,2011-12-30 04:49:38.859
/gehme/data/soho/lasco/level_05/c2/20111231/22399908.fts,2011-12-31 16:48:06.148
